id;nume;prenume;data_nastere;adresa;telefon;email;disponibilitate
1;reciprocal withdrawal;synthesize compressing;2021-06-01T17:15:49;Salaj applications paradigm;foreground XSS engage;Troy43@yahoo.com;true
2;Program Bacau iterate;online Account global;2021-06-01T14:27:52;Jewelery Internal;LicensedXX;Dusty.Toader43@yahoo.com;true
3;Corporate Wooden;Metal Wooden back-end;2021-06-01T21:39:51;Ergonomic Alba;paradigms transitional Multi-layered;Rhianna22@hotmail.com;false
4;copying;encoding Cape;2021-06-01T22:11:45;Intrarea Bike payment;Vrancea neural;Ellen.Negoita@hotmail.com;false
5;Small;Automotive Fantastic Ball;2021-06-02T02:22:21;ubiquitous;sexy Reduced;Justen_Nica@yahoo.com;false
6;e-business;optical Vrancea;2021-06-01T14:09:03;Strategist Nauru;Branding Soap;Alisa.Pascu92@gmail.com;true
7;Bulevardul matrix;IB array technologies;2021-06-01T11:16:36;invoice cohesive;Covasna generating;Kory.Chivu92@yahoo.com;true
8;index;e-business Loan;2021-06-02T04:16:49;program;Chips Dinar withdrawal;Eve77@hotmail.com;true
9;Money Handmade;Rubber;2021-06-01T19:12:43;Granite reintermediate networks;InvestorXX;Wilfrid_Cornea@yahoo.com;false
10;panel;vortals;2021-06-01T12:02:30;Soft convergence Dambovita;GraniteXXX;Maybelle.Pop20@yahoo.com;false
